old_id	thing_uri	np_uri	fingerprint
https://w3id.org/peh/matrices/01KQ9QXVQNNJBQFZTAC8Y3ARD1	https://w3id.org/peh/matrices/RA-fRSJZhT-OdospP_TRivM-L_tO-YsfYRBb_1jdfR9kY	https://w3id.org/np/RA-fRSJZhT-OdospP_TRivM-L_tO-YsfYRBb_1jdfR9kY	
https://w3id.org/peh/matrices/01KQ9QXVQP0CHMN0XEF3VTTVM2	https://w3id.org/peh/matrices/RAbfyb6RhJlNnL8qwlOdZ6gf4yR_JBiU9fvPMIQmSpXYg	https://w3id.org/np/RAbfyb6RhJlNnL8qwlOdZ6gf4yR_JBiU9fvPMIQmSpXYg	
https://w3id.org/peh/matrices/01KQ9QXVQP3KQ5SFQ184YYQF5Z	https://w3id.org/peh/matrices/RAF_kCntxZPkMQVCT6LGtLDns2IzSyG2_i0uAmFoiofKY	https://w3id.org/np/RAF_kCntxZPkMQVCT6LGtLDns2IzSyG2_i0uAmFoiofKY	
https://w3id.org/peh/matrices/01KQ9QXVQPZXMVYKVV7ZRAE8NQ	https://w3id.org/peh/matrices/RAP1BE2Z9awdYWsovCtO526Nbtknn8SRr9R3s4CJIuTdM	https://w3id.org/np/RAP1BE2Z9awdYWsovCtO526Nbtknn8SRr9R3s4CJIuTdM	
https://w3id.org/peh/matrices/01KT1NMJDABJPSZKRJDF25VYK6	https://w3id.org/peh/matrices/RAoSsPdY12TYwXc9GZ_tRtO9HnI9R00M0MhqjIEl3S8c0	https://w3id.org/np/RAoSsPdY12TYwXc9GZ_tRtO9HnI9R00M0MhqjIEl3S8c0	
https://w3id.org/peh/matrices/01KT1NMJDAK0MRPZ6GFYQ6899W	https://w3id.org/peh/matrices/RAy2XFY4tcAktluhxPOOHzjCw7PrKL2e1UW5DzGRl6Wwg	https://w3id.org/np/RAy2XFY4tcAktluhxPOOHzjCw7PrKL2e1UW5DzGRl6Wwg	
https://w3id.org/peh/matrices/01KT1NMJDAR4NE9EY2BA69WCFV	https://w3id.org/peh/matrices/RAfJMLEKnVj-xx_PJhMZcKEYONp6CrV9WPEEqf99YbMb4	https://w3id.org/np/RAfJMLEKnVj-xx_PJhMZcKEYONp6CrV9WPEEqf99YbMb4	
https://w3id.org/peh/matrices/01KT67YACZ74N1BK0TDMQQR8R7	https://w3id.org/peh/matrices/RArqXjsWKq1YgDeEYPhQq6qa7jL-PoIBtebLBq1CSTA8k	https://w3id.org/np/RArqXjsWKq1YgDeEYPhQq6qa7jL-PoIBtebLBq1CSTA8k	
https://w3id.org/peh/matrices/01KT67YACZ9531Z161KCGE3DQR	https://w3id.org/peh/matrices/RAi949d7yjXol2LDmFJ4c9GGyzann2cM-gWOasXu90e5o	https://w3id.org/np/RAi949d7yjXol2LDmFJ4c9GGyzann2cM-gWOasXu90e5o	
https://w3id.org/peh/matrices/01KT67YACZ9XQAYHV6S36FGBXA	https://w3id.org/peh/matrices/RAQP5G8v9lpCFpvfYLiPUDR3_H6geD1Q57_qUjeVm3jJI	https://w3id.org/np/RAQP5G8v9lpCFpvfYLiPUDR3_H6geD1Q57_qUjeVm3jJI	
https://w3id.org/peh/matrices/01e40bb5c7	https://w3id.org/peh/matrices/RANKwPAhyjHXBUjMPY5ml4_Fyth63tGEaqqvXtTJGk9tA	https://w3id.org/np/RANKwPAhyjHXBUjMPY5ml4_Fyth63tGEaqqvXtTJGk9tA	
https://w3id.org/peh/matrices/0842438558	https://w3id.org/peh/matrices/RAAfOpOC8zGUrF94k-qA-h5YAaNIS-R2SiEvS5H-nha4s	https://w3id.org/np/RAAfOpOC8zGUrF94k-qA-h5YAaNIS-R2SiEvS5H-nha4s	
https://w3id.org/peh/matrices/0e9312087f	https://w3id.org/peh/matrices/RAeUUBaLCNLcWc98fyjyCFJx0d9GkTSQr77OCVOU0JUDo	https://w3id.org/np/RAeUUBaLCNLcWc98fyjyCFJx0d9GkTSQr77OCVOU0JUDo	
https://w3id.org/peh/matrices/1c6b3cd2ac	https://w3id.org/peh/matrices/RA7wHzGxVRswpnU2GmWc30O4dP3pniz8OEAZOyQY8s_XQ	https://w3id.org/np/RA7wHzGxVRswpnU2GmWc30O4dP3pniz8OEAZOyQY8s_XQ	
https://w3id.org/peh/matrices/2510c39011	https://w3id.org/peh/matrices/RA-qfll1AS6vhXTr4rHXqzeyhV-imxcQQLcPcjRbteW10	https://w3id.org/np/RA-qfll1AS6vhXTr4rHXqzeyhV-imxcQQLcPcjRbteW10	
https://w3id.org/peh/matrices/3c45881163	https://w3id.org/peh/matrices/RA1NmPPzHrbQcDcCcUSD1c_Jx0gEqIkrym9w6jY0sGsqA	https://w3id.org/np/RA1NmPPzHrbQcDcCcUSD1c_Jx0gEqIkrym9w6jY0sGsqA	
https://w3id.org/peh/matrices/3e88197d1d	https://w3id.org/peh/matrices/RA_7AKqvN2MTCF6wLzXd8Cn3UGxaIE-hqapwLEzRECRVM	https://w3id.org/np/RA_7AKqvN2MTCF6wLzXd8Cn3UGxaIE-hqapwLEzRECRVM	
https://w3id.org/peh/matrices/44bff383cf	https://w3id.org/peh/matrices/RAYgaU7ZoAbEGZVA8Hlu-RzCvSYG3bLRMKISDfws9iCQc	https://w3id.org/np/RAYgaU7ZoAbEGZVA8Hlu-RzCvSYG3bLRMKISDfws9iCQc	
https://w3id.org/peh/matrices/5cfdb867e9	https://w3id.org/peh/matrices/RAtIG1M0swHdH-qOQP8lFQizXNoUlEjqQohPbLE0XUFyU	https://w3id.org/np/RAtIG1M0swHdH-qOQP8lFQizXNoUlEjqQohPbLE0XUFyU	
https://w3id.org/peh/matrices/60443f67c6	https://w3id.org/peh/matrices/RAdEY4mkrqWm_zdRqYy_D_X0GvGGB229DhFaI8LKg9nKA	https://w3id.org/np/RAdEY4mkrqWm_zdRqYy_D_X0GvGGB229DhFaI8LKg9nKA	
https://w3id.org/peh/matrices/627fcdb6cc	https://w3id.org/peh/matrices/RAnTGv40HBJ9Jlg0OOEdl2C2LAKdlRW1cAWZNBket-5F8	https://w3id.org/np/RAnTGv40HBJ9Jlg0OOEdl2C2LAKdlRW1cAWZNBket-5F8	
https://w3id.org/peh/matrices/6685e16510	https://w3id.org/peh/matrices/RADF1SisIvum3157bYON5GLZW66DbuiM7xjkP8dGFzn3E	https://w3id.org/np/RADF1SisIvum3157bYON5GLZW66DbuiM7xjkP8dGFzn3E	
https://w3id.org/peh/matrices/6a49f67ed8	https://w3id.org/peh/matrices/RAp60af5p7t4ugEnaQJEMJ0AVGyBf4qbkxSnnqHsfydxw	https://w3id.org/np/RAp60af5p7t4ugEnaQJEMJ0AVGyBf4qbkxSnnqHsfydxw	
https://w3id.org/peh/matrices/6b157916b4	https://w3id.org/peh/matrices/RAD-f9pG9nLiAQhTyv_np5Mlirawv0CDcu4m7-LMBJ2WQ	https://w3id.org/np/RAD-f9pG9nLiAQhTyv_np5Mlirawv0CDcu4m7-LMBJ2WQ	
https://w3id.org/peh/matrices/7638e20f13	https://w3id.org/peh/matrices/RAPG8ff6HSFxlInKdbuK6EqVAVnPSdlPK0utQe7SEkfMA	https://w3id.org/np/RAPG8ff6HSFxlInKdbuK6EqVAVnPSdlPK0utQe7SEkfMA	
https://w3id.org/peh/matrices/7b8b965ad4	https://w3id.org/peh/matrices/RAoXZHP0vZHQi1sELDWEojW4HdwnVVtyCEVnmDf3PP4BE	https://w3id.org/np/RAoXZHP0vZHQi1sELDWEojW4HdwnVVtyCEVnmDf3PP4BE	
https://w3id.org/peh/matrices/7c9df80123	https://w3id.org/peh/matrices/RA7Ufj-KOWs5HOiywyzoq9Pgt2g56q5PzJTQe09GLKZpg	https://w3id.org/np/RA7Ufj-KOWs5HOiywyzoq9Pgt2g56q5PzJTQe09GLKZpg	
https://w3id.org/peh/matrices/85afaab5f3	https://w3id.org/peh/matrices/RAMuEORzqjK8LD9QFU18XWK81EWuBWgi6BIwKj8hDW0QM	https://w3id.org/np/RAMuEORzqjK8LD9QFU18XWK81EWuBWgi6BIwKj8hDW0QM	
https://w3id.org/peh/matrices/87cd3c0eee	https://w3id.org/peh/matrices/RA5jqya6S2tHQbTIjRERUB8ifkBRRQvMEnKF-8lXC98Kw	https://w3id.org/np/RA5jqya6S2tHQbTIjRERUB8ifkBRRQvMEnKF-8lXC98Kw	
https://w3id.org/peh/matrices/8e113caded	https://w3id.org/peh/matrices/RAE6tWjTfeqoiLGdHwt_82UkmaGY88KKVKj7mic1zfA_0	https://w3id.org/np/RAE6tWjTfeqoiLGdHwt_82UkmaGY88KKVKj7mic1zfA_0	
https://w3id.org/peh/matrices/93122a9e4a	https://w3id.org/peh/matrices/RAT0pnvlQSxST9cVr347gG9o-EMl-y6y2cuBRMIQwpRMo	https://w3id.org/np/RAT0pnvlQSxST9cVr347gG9o-EMl-y6y2cuBRMIQwpRMo	
https://w3id.org/peh/matrices/9460370bb0	https://w3id.org/peh/matrices/RAYnAn73ckYTntumb6ebToNrKsVSnUh51eZfdC2D3k1kc	https://w3id.org/np/RAYnAn73ckYTntumb6ebToNrKsVSnUh51eZfdC2D3k1kc	
https://w3id.org/peh/matrices/99be496ab9	https://w3id.org/peh/matrices/RA6yVQB3aTu-KBUoHcGsfGBDAo5ik_TOTriUDgNJUrIjI	https://w3id.org/np/RA6yVQB3aTu-KBUoHcGsfGBDAo5ik_TOTriUDgNJUrIjI	
https://w3id.org/peh/matrices/RA03lxAcq1Ae6e6Fx_jxwwG5MlZSiFV4Owa-iotENKMHg	https://w3id.org/peh/matrices/RAAfOpOC8zGUrF94k-qA-h5YAaNIS-R2SiEvS5H-nha4s	https://w3id.org/np/RAAfOpOC8zGUrF94k-qA-h5YAaNIS-R2SiEvS5H-nha4s	aab79d889bc841c69cce7036160821c49d079e3b8321b12ef1c8e7123657a058
https://w3id.org/peh/matrices/RA1NmPPzHrbQcDcCcUSD1c_Jx0gEqIkrym9w6jY0sGsqA	https://w3id.org/peh/matrices/RA8dvUqPYov55HV308ynqwelJiAc9Lw91xerfntOY9oVo	https://w3id.org/np/RA8dvUqPYov55HV308ynqwelJiAc9Lw91xerfntOY9oVo	c177208ce9c6dc74c597937923bc2d584d4f8f40c8a1c715838c9b0588a8e4a7
https://w3id.org/peh/matrices/RA1pfcwPnFNCcg9yYs4RClmzylUCyurYhMT4BYwomb11g	https://w3id.org/peh/matrices/RAQyXl03bTKzH8quHZe0bijfev64RBi4KPtaXj1UEuYeY	https://w3id.org/np/RAQyXl03bTKzH8quHZe0bijfev64RBi4KPtaXj1UEuYeY	86081468a2697948c1082adb9cef995f4c62d36a9fc181b344130dfd8889a244
https://w3id.org/peh/matrices/RA3eOqMz50NSxy4tARfcblPru3Hb2z4t3uPZCNodIXgas	https://w3id.org/peh/matrices/RAzDmsDSQT7m97_gEKyu9rRhhrsrtjRhKEBOaBi7U1WuI	https://w3id.org/np/RAzDmsDSQT7m97_gEKyu9rRhhrsrtjRhKEBOaBi7U1WuI	3b1cc76d36d3d4c7877c62be02651fb9ea45bcbfa9e5aff57a7551bede7ebbe9
https://w3id.org/peh/matrices/RA6yVQB3aTu-KBUoHcGsfGBDAo5ik_TOTriUDgNJUrIjI	https://w3id.org/peh/matrices/RArK5TPl1kPtOf-ive2YOEvtlOCqehaCE4jG_YyU9c_VU	https://w3id.org/np/RArK5TPl1kPtOf-ive2YOEvtlOCqehaCE4jG_YyU9c_VU	98136ab5ca19e3891bf206d9db665cb3692651fc03204eccbfeda0af4041abf6
https://w3id.org/peh/matrices/RA7Ufj-KOWs5HOiywyzoq9Pgt2g56q5PzJTQe09GLKZpg	https://w3id.org/peh/matrices/RAAja9mGrZMpBeS991_CYT03U5cAEg3m34UspzENXFkUI	https://w3id.org/np/RAAja9mGrZMpBeS991_CYT03U5cAEg3m34UspzENXFkUI	fdbc10a14990cc45d5d8ce4f4420b283d1466462fe8f0de6f413795247a0a3e2
https://w3id.org/peh/matrices/RA7bjQMmIG3Rpu8uSDlVHEb9mU0nuc-TQbH5GjRP0SrNc	https://w3id.org/peh/matrices/RAegbj-HcJqNDb3J6f5ggfpBpnnYCagw2u_yIoQu1JGQc	https://w3id.org/np/RAegbj-HcJqNDb3J6f5ggfpBpnnYCagw2u_yIoQu1JGQc	c59f92e0722bfa3144330afe5b3c1c12e3691c5e6fec1a5c3d45ac3a4ba5e01b
https://w3id.org/peh/matrices/RA7wHzGxVRswpnU2GmWc30O4dP3pniz8OEAZOyQY8s_XQ	https://w3id.org/peh/matrices/RAGC0XSTbo14wafNO4L20FsaSsll4JCNbyDMSCGddpaDI	https://w3id.org/np/RAGC0XSTbo14wafNO4L20FsaSsll4JCNbyDMSCGddpaDI	8dfc1ee03600f4137ee1cb0f683bad5c13355afed9551460db27e909fd78ccbf
https://w3id.org/peh/matrices/RA8NOdZTYkul2xyhl3fdxnC8YsNvgjlcLjjpfC2C2-KyM	https://w3id.org/peh/matrices/RAP6SyyNeJJEfJfiKnGuTMt53uCsnGL8YbOpHiIAPaN4E	https://w3id.org/np/RAP6SyyNeJJEfJfiKnGuTMt53uCsnGL8YbOpHiIAPaN4E	729a4e1986126f78566651d264f884ad628002549b0a858d2774fc323e9a310e
https://w3id.org/peh/matrices/RAB2CWC53iDWwONWmhVGz1XOZvM-q8PAgzfvDzLHnCark	https://w3id.org/peh/matrices/RAdEY4mkrqWm_zdRqYy_D_X0GvGGB229DhFaI8LKg9nKA	https://w3id.org/np/RAdEY4mkrqWm_zdRqYy_D_X0GvGGB229DhFaI8LKg9nKA	4e9893cb50f6ff4ee8cf5a39646fc627024eb2535359cafaa1bc1ae9f90bebee
https://w3id.org/peh/matrices/RAC1dtx3t1m9kMn-N4Fe0WrPZxzHoebeTTFW23rNQC8b0	https://w3id.org/peh/matrices/RAOXnhBmU_ugVo5VT_1_w-PQeS-6EhwtLC-9-AWyuxBR8	https://w3id.org/np/RAOXnhBmU_ugVo5VT_1_w-PQeS-6EhwtLC-9-AWyuxBR8	a863da876a12dcdcbfa7f7691d39c4e294f34ca8d78da774621c90757b569450
https://w3id.org/peh/matrices/RACjmW-FuXnJiFjOh6ZxNjXmvBNU7sjOn9oM20wPobePo	https://w3id.org/peh/matrices/RAD-f9pG9nLiAQhTyv_np5Mlirawv0CDcu4m7-LMBJ2WQ	https://w3id.org/np/RAD-f9pG9nLiAQhTyv_np5Mlirawv0CDcu4m7-LMBJ2WQ	5ff97c961cf74a4de656d90fb264c42ea943d211d4b1ce5a76425775d09f46f6
https://w3id.org/peh/matrices/RAIbsgwYEK31Cfhg2xBxLmRxe-vW9lBqzh4jK4MWvZ5pg	https://w3id.org/peh/matrices/RAmK9SsEw00wnum1u5jyGMy2f9Cas_F0rYp2bfZnMvPPE	https://w3id.org/np/RAmK9SsEw00wnum1u5jyGMy2f9Cas_F0rYp2bfZnMvPPE	459af60a5873b2171340c72755eb3b6f8f1ddc44994d50f8b1cf423e5a4294e5
https://w3id.org/peh/matrices/RAIgAAK2Iik9ENkvPh1XbB56m03oboR6f7LMvbztrRbn4	https://w3id.org/peh/matrices/RAUZ4lM2ipUddS-sJao36ooXgYoHiS_mDeZOH8FjGTSBY	https://w3id.org/np/RAUZ4lM2ipUddS-sJao36ooXgYoHiS_mDeZOH8FjGTSBY	788ef88ce669424bb39ec573911a60d3abc02746ad81e9ea4d978656646034b0
https://w3id.org/peh/matrices/RAK5VM0elb32Xjk2uCL2Uh44x4QM8BKu0kubzlqBnA3-Y	https://w3id.org/peh/matrices/RAO1F-P19caz2xuwDdWA3-eWTkkiD5zD_scZ-AVEIYPMo	https://w3id.org/np/RAO1F-P19caz2xuwDdWA3-eWTkkiD5zD_scZ-AVEIYPMo	0cb9ef431753054eb788e15be63f9685929493151ac4ad7606a3c0efb5761a78
https://w3id.org/peh/matrices/RAKDUpflxTKHJUZlsFCh-Ab54sP--MYRlc-cb9XI0R4G8	https://w3id.org/peh/matrices/RAz4OR3yKRJcA-w0jpjN_vOnVbc6nyMghOs-tWk9-WbYw	https://w3id.org/np/RAz4OR3yKRJcA-w0jpjN_vOnVbc6nyMghOs-tWk9-WbYw	2f545b181f51cd475d8cb303eaa6aa166fa84c6907e2cfd109a65d284206effc
https://w3id.org/peh/matrices/RAMJMXeG91lFf_X6_uwrCFIS_HRQDJ1Pj_zmjmumlRw3Y	https://w3id.org/peh/matrices/RAbovw_gve_jMl2cA6BgIPCXuKq4FvonHKZDkm5euFKgI	https://w3id.org/np/RAbovw_gve_jMl2cA6BgIPCXuKq4FvonHKZDkm5euFKgI	14b74561f3d3efbc20f9d92b5f5c65adfaa7d9772c534c4c1c4a369e37e3ac53
https://w3id.org/peh/matrices/RAMclxfdOCs4lQt-CF5HgrXLV7VTBst1gG5FkBXTlv0qs	https://w3id.org/peh/matrices/RAVp8hisV4HBuuOnYXh38wUHUc-lECcGpyxNJ9SEnN-aE	https://w3id.org/np/RAVp8hisV4HBuuOnYXh38wUHUc-lECcGpyxNJ9SEnN-aE	dc28f5b6e6ba883ae02333ac86476219831836873f03373a70b3bc084881302f
https://w3id.org/peh/matrices/RAQtYv5YRozuXuz-DFDVh7ze_OJUQQf1LjPJPH89vl1es	https://w3id.org/peh/matrices/RASXP7fc5JHUt1Ec9MZblJoOkiAtbo1iRvche6SmoxLAs	https://w3id.org/np/RASXP7fc5JHUt1Ec9MZblJoOkiAtbo1iRvche6SmoxLAs	4d724a0efe0f98292e6d610d4f8a5af6c9d4afd11b9bab3bbc930348d24ff1ff
https://w3id.org/peh/matrices/RARrMaCYS1_RnPZUKKSCUwGiW1b6xjIb0l9Wbb-apx4cs	https://w3id.org/peh/matrices/RAsII6l04E8gpDQaB9Q7hQIwnryYpaBpPLJG2F2A2rxhk	https://w3id.org/np/RAsII6l04E8gpDQaB9Q7hQIwnryYpaBpPLJG2F2A2rxhk	f2b62365f3cebbe822b287a28d0953063b328f4f6486b9186e8bfb1ffaa9016b
https://w3id.org/peh/matrices/RAS7Iz3jzij1Ihp05DYfpOutaaJoFn6whfCx5DLQnrR6E	https://w3id.org/peh/matrices/RAoXZHP0vZHQi1sELDWEojW4HdwnVVtyCEVnmDf3PP4BE	https://w3id.org/np/RAoXZHP0vZHQi1sELDWEojW4HdwnVVtyCEVnmDf3PP4BE	df347c33de6af3990eeae7467d0f89b775bff68672494ca0e52c753203358f57
https://w3id.org/peh/matrices/RASWRwsvJSZ0umkEzg8hd5LElsOfKo3hmHOewiO3_tBeI	https://w3id.org/peh/matrices/RAPUisClC9hUFbeFTYRJpwMV1-ur28X6tDAZ53egbxUMo	https://w3id.org/np/RAPUisClC9hUFbeFTYRJpwMV1-ur28X6tDAZ53egbxUMo	4c24308f5771617bc60bdbbf7fb155edc5391c70077f6106f2c57469396af480
https://w3id.org/peh/matrices/RATFkSEeQ6WHCPtKpCas8r9fSjkwpnhX_tkCQV4eAD8gA	https://w3id.org/peh/matrices/RAPG8ff6HSFxlInKdbuK6EqVAVnPSdlPK0utQe7SEkfMA	https://w3id.org/np/RAPG8ff6HSFxlInKdbuK6EqVAVnPSdlPK0utQe7SEkfMA	567f0d2614c556a677e6e4c9d671b0cde700d039f926c83254ac336081e3b381
https://w3id.org/peh/matrices/RAVMzASCvcLHqsMjZjnQnDNm52ugtdXdfw3jqZx4thiUE	https://w3id.org/peh/matrices/RAFtNuLo2HktvNGEZkvWLZoLP00QSZTT2UnqocEASmSSo	https://w3id.org/np/RAFtNuLo2HktvNGEZkvWLZoLP00QSZTT2UnqocEASmSSo	c66f0c988483ef06cba8acc64868a05e688d0db9b3a1fefa2ef5898d3548b01e
https://w3id.org/peh/matrices/RAVOBJckXcVFKA7TEZIWz6A-Hp5fTYOJ1Eim3oHRn75NE	https://w3id.org/peh/matrices/RA-igQuPYnBqhAzk9e_dLVktRbtxLoGnf9n3u_LlN9APo	https://w3id.org/np/RA-igQuPYnBqhAzk9e_dLVktRbtxLoGnf9n3u_LlN9APo	405f657587a262ac86a1b0c8f49d84bf9d45ac1dc2d0b70707c60b8e20f49ee5
https://w3id.org/peh/matrices/RAXhZNocfYd4m1Lb-4jGnmyI34p0PGPseHik8zp_jBaX0	https://w3id.org/peh/matrices/RA_7AKqvN2MTCF6wLzXd8Cn3UGxaIE-hqapwLEzRECRVM	https://w3id.org/np/RA_7AKqvN2MTCF6wLzXd8Cn3UGxaIE-hqapwLEzRECRVM	24ecd48bc6be78070154d46b858d07c349a353e41f7f063992ca483ec49066d9
https://w3id.org/peh/matrices/RAYgaU7ZoAbEGZVA8Hlu-RzCvSYG3bLRMKISDfws9iCQc	https://w3id.org/peh/matrices/RA1sHPpYgQ_h8Dku-o1dizb8YGZ6xHddcmaenlyZ4IMvA	https://w3id.org/np/RA1sHPpYgQ_h8Dku-o1dizb8YGZ6xHddcmaenlyZ4IMvA	6ceabe76127e261a123d57270e28019e2b6ad3f4bf04063b2986830efebf24ff
https://w3id.org/peh/matrices/RAYnAn73ckYTntumb6ebToNrKsVSnUh51eZfdC2D3k1kc	https://w3id.org/peh/matrices/RAUMc-JTcrYrokwqx_HKcM4MYIU84WoNpLmW-fN059pXE	https://w3id.org/np/RAUMc-JTcrYrokwqx_HKcM4MYIU84WoNpLmW-fN059pXE	a07dcce7d07ac88088b9d460473a56cf02baa2c9bc59d44a0dbeceb0553bfe65
https://w3id.org/peh/matrices/RA_TYQHRFgdIlwCiFJl5iEjmdrrNH3uxL69mQTyqA9WQU	https://w3id.org/peh/matrices/RAfYD7Gs8EEYjnvsYb59C_gpY_8CZa2TovcQViFxKkeuY	https://w3id.org/np/RAfYD7Gs8EEYjnvsYb59C_gpY_8CZa2TovcQViFxKkeuY	c2a65eecbc2347315a995b0a9bd25fcdc6e290a76e738d32ca709039c31fb297
https://w3id.org/peh/matrices/RAbk6a3CTM-SqDwj7gSMtGk-5q7GkQiVxFA8IuBAcHvv4	https://w3id.org/peh/matrices/RA3MFOK0PYKmReZCzLbvgHbfSyKA37lUCaOh78neLk7bU	https://w3id.org/np/RA3MFOK0PYKmReZCzLbvgHbfSyKA37lUCaOh78neLk7bU	870b7358a318a2aea8c0c0677ec5b2f940736ef60511aa75da7b802f178f1898
https://w3id.org/peh/matrices/RAciCuWbXQnZmyNfSRy-41DNe9SLMaNZpHYjJ-4JvPEto	https://w3id.org/peh/matrices/RAAZiWmgwfvHC0IdmofDnAxgbdCK0ETN_j96B6jA23PU4	https://w3id.org/np/RAAZiWmgwfvHC0IdmofDnAxgbdCK0ETN_j96B6jA23PU4	e6b8a46b62b19e956fd2b362c08f06f266177bc879ed390cd4ca5dddd83f1c51
https://w3id.org/peh/matrices/RAcx2M-8YgdACmQKkiV5BrWOBeXu5X6WlqqwBtYeXCm0Y	https://w3id.org/peh/matrices/RA-qfll1AS6vhXTr4rHXqzeyhV-imxcQQLcPcjRbteW10	https://w3id.org/np/RA-qfll1AS6vhXTr4rHXqzeyhV-imxcQQLcPcjRbteW10	b111dee3deff66a209f98fd2ecbf9b77b6d289c5767b893fe4b840c69c333371
https://w3id.org/peh/matrices/RAeUUBaLCNLcWc98fyjyCFJx0d9GkTSQr77OCVOU0JUDo	https://w3id.org/peh/matrices/RAtduVNksokoYYYXO-XCLWNCKPtrM0BOeq_YUshVkqFJ0	https://w3id.org/np/RAtduVNksokoYYYXO-XCLWNCKPtrM0BOeq_YUshVkqFJ0	ea9967c34a19940f78be220c096211553374cf819d13c1b6aee7418adf805e3e
https://w3id.org/peh/matrices/RAgGBv-AqMjYnH4uvvlW_e1J-EH_aPZoOEQtRkHQI6xG4	https://w3id.org/peh/matrices/RAkYVqCXeDhllNie2G8bwyi1F4WpRGKKEkrnqy0EAHtPc	https://w3id.org/np/RAkYVqCXeDhllNie2G8bwyi1F4WpRGKKEkrnqy0EAHtPc	c4db87aba5800ebbd70d77727fd9f0cbc32f5cb6668104a2702ae267832739e5
https://w3id.org/peh/matrices/RAi-C-_2o5gcIhvlg6AfVsfTA0zDvs53BYcwZKxLu-9NU	https://w3id.org/peh/matrices/RAsDIybUC-Hf5z9cKUhs0_f6aoBMzA3rhNK7gnLOtlpSI	https://w3id.org/np/RAsDIybUC-Hf5z9cKUhs0_f6aoBMzA3rhNK7gnLOtlpSI	34d2efbbf572268b302d4469d31d6343d703e49c60a0493deec26ad3d149d8f1
https://w3id.org/peh/matrices/RAiWn0Rc6aqeB18L5SLVtJwTmz_D9ToELO1Fzc1gxxrO8	https://w3id.org/peh/matrices/RAUm-9-ZoDsUuUqQSQ7SQJvOz56AU4Qxqv95DnyLl50mo	https://w3id.org/np/RAUm-9-ZoDsUuUqQSQ7SQJvOz56AU4Qxqv95DnyLl50mo	3032da992554f92c1f5bb290383a91f18c691453051f3678d4c2722283bf3bd9
https://w3id.org/peh/matrices/RAjFtX_2fxsX9Sc_pT73cuTcb6NdfhApTmFUD_eK2c97I	https://w3id.org/peh/matrices/RAUyy50s2lAa3UWew6xYYE0byuJ2Ibl1DrwdzZ_DX_ArI	https://w3id.org/np/RAUyy50s2lAa3UWew6xYYE0byuJ2Ibl1DrwdzZ_DX_ArI	ee0f907783d3c7d688057caa4f28c354995af3a148aea19bb3c97799f92e4d54
https://w3id.org/peh/matrices/RAjlhRhtV2dqaISU6KfjQg0OJjq08O5AKhaghsfKVg5JU	https://w3id.org/peh/matrices/RAnTGv40HBJ9Jlg0OOEdl2C2LAKdlRW1cAWZNBket-5F8	https://w3id.org/np/RAnTGv40HBJ9Jlg0OOEdl2C2LAKdlRW1cAWZNBket-5F8	ef8ef13de2787dc4b1caf4081ee0f103957a76a907376c382c64ec080cfd56c1
https://w3id.org/peh/matrices/RAlsQ-lf0BlYMQEv6nKOf_4AO-RzZizlAw8f-Nfo28WQM	https://w3id.org/peh/matrices/RAT0pnvlQSxST9cVr347gG9o-EMl-y6y2cuBRMIQwpRMo	https://w3id.org/np/RAT0pnvlQSxST9cVr347gG9o-EMl-y6y2cuBRMIQwpRMo	a6c0a8312ca7ef541050da5f960525f92a4ead0d796a1643b9776326d5a8d548
https://w3id.org/peh/matrices/RAnJmNgUQWYsrxglBQoG2L8OP-h7_uYHP9lnygQYZ0PNg	https://w3id.org/peh/matrices/RApoidfyggtj4Y0yWk4KzvUdJxhQqWqd13zKGvEvXn5ak	https://w3id.org/np/RApoidfyggtj4Y0yWk4KzvUdJxhQqWqd13zKGvEvXn5ak	13d1e08d6ec9d21fc8b1c3ad3af1d67c06ca559dc21ae961f28df9ff66e70af8
https://w3id.org/peh/matrices/RAneysxQGkFzZw57_WcXTaEy11EnbmmQdCO7HviFbrpiM	https://w3id.org/peh/matrices/RAspLSf9XPFmmH3gUYgSB9XWknHAsRdV4mzcpgFH6kDjU	https://w3id.org/np/RAspLSf9XPFmmH3gUYgSB9XWknHAsRdV4mzcpgFH6kDjU	a18801569b926e6696182471c3c892f8576f049bcbe47b0779156786807207fb
https://w3id.org/peh/matrices/RAoyA6LZou1ggzbBL_yqUOts6tRR3Fm5mW10l45lpxPgc	https://w3id.org/peh/matrices/RAmxkkh9fvCFSWTruBrED5_YVskpNlYFlSTo0C2jVqkq4	https://w3id.org/np/RAmxkkh9fvCFSWTruBrED5_YVskpNlYFlSTo0C2jVqkq4	d2b381ad7e77f16e4592f364de35950603f3c9f6a216a5f7d87ade99e1b3f7c5
https://w3id.org/peh/matrices/RAp198yXIguLXKOuFcERg-ekxi1P0PthEBX8KS8rXSLUk	https://w3id.org/peh/matrices/RAQ7NubGhAY8Tly5iznP4yMj-q99ggFdgWE4b2q5zBtfc	https://w3id.org/np/RAQ7NubGhAY8Tly5iznP4yMj-q99ggFdgWE4b2q5zBtfc	f334511fcc977d17d6c55a089a7a4f41885fe8f667b7dfbd7ea88b90081edaa7
https://w3id.org/peh/matrices/RAsw6rPmqomqqPHEWz9eCx7dpyZa5ceXlX-6XLKQ-MsnM	https://w3id.org/peh/matrices/RAXps27IPt04MNq_vzWC4QhAC-bBBeOXM1AX4MzRI6-VA	https://w3id.org/np/RAXps27IPt04MNq_vzWC4QhAC-bBBeOXM1AX4MzRI6-VA	5aa18523290c035bd57a29c31b6ce3676ee955cddc6e44663ca1da0b7310b0df
https://w3id.org/peh/matrices/RAtIG1M0swHdH-qOQP8lFQizXNoUlEjqQohPbLE0XUFyU	https://w3id.org/peh/matrices/RADbqOiSdL2hyzuJpALjJfmFD2hwdOdBWFLAFKXeoBAAY	https://w3id.org/np/RADbqOiSdL2hyzuJpALjJfmFD2hwdOdBWFLAFKXeoBAAY	4277e51b288dced9cd3ade623cc03e89673cc062611c55b97ddc503b0ac8ebdb
https://w3id.org/peh/matrices/RAtN4LvQXe2x5WKb8gX4ypEpAbhiMzlTn3H8_Q0CxuUTE	https://w3id.org/peh/matrices/RALox5B5dJhVzrMOGgdCA659uDSYF8w-TCodRLi0AhRnE	https://w3id.org/np/RALox5B5dJhVzrMOGgdCA659uDSYF8w-TCodRLi0AhRnE	a3231b1ce4d04e98de306576cf4aa4700cac22bd0e83be05c134ba83d0b9df41
https://w3id.org/peh/matrices/RAyed7aRrZnJnjE795nmrj8hAdQCp6lkxB1NtmirWXwL4	https://w3id.org/peh/matrices/RAQQaHIF0BqfRt9MSBrkOqJ5l2v-Qwzfo88QGJT2LyMTo	https://w3id.org/np/RAQQaHIF0BqfRt9MSBrkOqJ5l2v-Qwzfo88QGJT2LyMTo	84de0141aee2660f3fe4e4ae4d6a550652d25d4c9843b96f97f22a706ff6180f
https://w3id.org/peh/matrices/a-horizon	https://w3id.org/peh/matrices/RA13HftvdIUUqM7Lw-U2M8Wp0sbhnKbhMo-0wezBNo3Eo	https://w3id.org/np/RA13HftvdIUUqM7Lw-U2M8Wp0sbhnKbhMo-0wezBNo3Eo	
https://w3id.org/peh/matrices/a8b88464e5	https://w3id.org/peh/matrices/RA3OgMUI14j1a1n9WOqYoJp5DKOXiOr0u8egOnvgEA40E	https://w3id.org/np/RA3OgMUI14j1a1n9WOqYoJp5DKOXiOr0u8egOnvgEA40E	
https://w3id.org/peh/matrices/air-gas-phase	https://w3id.org/peh/matrices/RA-1ife8o8pseb2Yfx5MeIFSvnpaNL-90yQlMtecjJhzk	https://w3id.org/np/RA-1ife8o8pseb2Yfx5MeIFSvnpaNL-90yQlMtecjJhzk	
https://w3id.org/peh/matrices/air-particulate-phase	https://w3id.org/peh/matrices/RA2aXLICa6EJdbaFMQ4RpEEki-fjmFTxpenqhUspZsIdA	https://w3id.org/np/RA2aXLICa6EJdbaFMQ4RpEEki-fjmFTxpenqhUspZsIdA	
https://w3id.org/peh/matrices/air-total	https://w3id.org/peh/matrices/RAlzI_uLgpJRy67R7TqO7XnZdMJRI-ph0cWBU93HGvGXM	https://w3id.org/np/RAlzI_uLgpJRy67R7TqO7XnZdMJRI-ph0cWBU93HGvGXM	
https://w3id.org/peh/matrices/animal-blood	https://w3id.org/peh/matrices/RAMsiZs7wwSB0oiExbwpflLrAl0toRWTa-FozYwICNMI4	https://w3id.org/np/RAMsiZs7wwSB0oiExbwpflLrAl0toRWTa-FozYwICNMI4	
https://w3id.org/peh/matrices/animal-hair	https://w3id.org/peh/matrices/RAQz8tkSg9W_qZzgvTibP01UH680xfd414EG17PY1O6KA	https://w3id.org/np/RAQz8tkSg9W_qZzgvTibP01UH680xfd414EG17PY1O6KA	
https://w3id.org/peh/matrices/animal-tissue	https://w3id.org/peh/matrices/RAOXnhBmU_ugVo5VT_1_w-PQeS-6EhwtLC-9-AWyuxBR8	https://w3id.org/np/RAOXnhBmU_ugVo5VT_1_w-PQeS-6EhwtLC-9-AWyuxBR8	
https://w3id.org/peh/matrices/aquatic-matrix	https://w3id.org/peh/matrices/RAQyXl03bTKzH8quHZe0bijfev64RBi4KPtaXj1UEuYeY	https://w3id.org/np/RAQyXl03bTKzH8quHZe0bijfev64RBi4KPtaXj1UEuYeY	
https://w3id.org/peh/matrices/atmospheric-deposition	https://w3id.org/peh/matrices/RASWRwsvJSZ0umkEzg8hd5LElsOfKo3hmHOewiO3_tBeI	https://w3id.org/np/RASWRwsvJSZ0umkEzg8hd5LElsOfKo3hmHOewiO3_tBeI	
https://w3id.org/peh/matrices/atmospheric-matrix	https://w3id.org/peh/matrices/RAUm-9-ZoDsUuUqQSQ7SQJvOz56AU4Qxqv95DnyLl50mo	https://w3id.org/np/RAUm-9-ZoDsUuUqQSQ7SQJvOz56AU4Qxqv95DnyLl50mo	
https://w3id.org/peh/matrices/b-horizon	https://w3id.org/peh/matrices/RABtYw7tYBZN4wjSpiVKEJWR6i3SvXkosBh9OuXsJp900	https://w3id.org/np/RABtYw7tYBZN4wjSpiVKEJWR6i3SvXkosBh9OuXsJp900	
https://w3id.org/peh/matrices/b9aa273080	https://w3id.org/peh/matrices/RAT2c_BBoT0XnI9uZYnWvNAVHDQZ0zuOWaLqKnDXXZc40	https://w3id.org/np/RAT2c_BBoT0XnI9uZYnWvNAVHDQZ0zuOWaLqKnDXXZc40	
https://w3id.org/peh/matrices/bark	https://w3id.org/peh/matrices/RApEPTC4SgZrdvB0BL5tUaRw6ejoCCKsZ8AYspid2bjdE	https://w3id.org/np/RApEPTC4SgZrdvB0BL5tUaRw6ejoCCKsZ8AYspid2bjdE	
https://w3id.org/peh/matrices/bd9a2916f0	https://w3id.org/peh/matrices/RAbovw_gve_jMl2cA6BgIPCXuKq4FvonHKZDkm5euFKgI	https://w3id.org/np/RAbovw_gve_jMl2cA6BgIPCXuKq4FvonHKZDkm5euFKgI	
https://w3id.org/peh/matrices/beans	https://w3id.org/peh/matrices/RAIgAAK2Iik9ENkvPh1XbB56m03oboR6f7LMvbztrRbn4	https://w3id.org/np/RAIgAAK2Iik9ENkvPh1XbB56m03oboR6f7LMvbztrRbn4	
https://w3id.org/peh/matrices/bone	https://w3id.org/peh/matrices/RAsw6rPmqomqqPHEWz9eCx7dpyZa5ceXlX-6XLKQ-MsnM	https://w3id.org/np/RAsw6rPmqomqqPHEWz9eCx7dpyZa5ceXlX-6XLKQ-MsnM	
https://w3id.org/peh/matrices/breath	https://w3id.org/peh/matrices/RADSOMvAux8GtQxYEc-HOHB2hjqS_Feo6EptO4uNY4xlI	https://w3id.org/np/RADSOMvAux8GtQxYEc-HOHB2hjqS_Feo6EptO4uNY4xlI	
https://w3id.org/peh/matrices/c-horizon	https://w3id.org/peh/matrices/RAnD62F36hpfHEthhCsFGks6TKt7l4W5uZFoVJEc87vHE	https://w3id.org/np/RAnD62F36hpfHEthhCsFGks6TKt7l4W5uZFoVJEc87vHE	
https://w3id.org/peh/matrices/c12e01f2a1	https://w3id.org/peh/matrices/RAQQaHIF0BqfRt9MSBrkOqJ5l2v-Qwzfo88QGJT2LyMTo	https://w3id.org/np/RAQQaHIF0BqfRt9MSBrkOqJ5l2v-Qwzfo88QGJT2LyMTo	
https://w3id.org/peh/matrices/c46335eb26	https://w3id.org/peh/matrices/RAP6SyyNeJJEfJfiKnGuTMt53uCsnGL8YbOpHiIAPaN4E	https://w3id.org/np/RAP6SyyNeJJEfJfiKnGuTMt53uCsnGL8YbOpHiIAPaN4E	
https://w3id.org/peh/matrices/cf6c9df68d	https://w3id.org/peh/matrices/RAK5VM0elb32Xjk2uCL2Uh44x4QM8BKu0kubzlqBnA3-Y	https://w3id.org/np/RAK5VM0elb32Xjk2uCL2Uh44x4QM8BKu0kubzlqBnA3-Y	
https://w3id.org/peh/matrices/compost	https://w3id.org/peh/matrices/RA7bjQMmIG3Rpu8uSDlVHEb9mU0nuc-TQbH5GjRP0SrNc	https://w3id.org/np/RA7bjQMmIG3Rpu8uSDlVHEb9mU0nuc-TQbH5GjRP0SrNc	
https://w3id.org/peh/matrices/d4f5c2c948	https://w3id.org/peh/matrices/RAneysxQGkFzZw57_WcXTaEy11EnbmmQdCO7HviFbrpiM	https://w3id.org/np/RAneysxQGkFzZw57_WcXTaEy11EnbmmQdCO7HviFbrpiM	
https://w3id.org/peh/matrices/deposition-total	https://w3id.org/peh/matrices/RAaP6htDAyWuP9gjZuA3Vbwe78AjeMEFlvTqmXRCsvcNg	https://w3id.org/np/RAaP6htDAyWuP9gjZuA3Vbwe78AjeMEFlvTqmXRCsvcNg	
https://w3id.org/peh/matrices/deposition-wet	https://w3id.org/peh/matrices/RAZafB952xHok6_XpY4CX-pDHw1wYhJxp8Xy2KJcSUwq4	https://w3id.org/np/RAZafB952xHok6_XpY4CX-pDHw1wYhJxp8Xy2KJcSUwq4	
https://w3id.org/peh/matrices/dust	https://w3id.org/peh/matrices/RAnJmNgUQWYsrxglBQoG2L8OP-h7_uYHP9lnygQYZ0PNg	https://w3id.org/np/RAnJmNgUQWYsrxglBQoG2L8OP-h7_uYHP9lnygQYZ0PNg	
https://w3id.org/peh/matrices/e-horizon	https://w3id.org/peh/matrices/RALNbBmx3-i6eZHfDNYNSp3nyH5jOnHGvclj-G3rGTdPU	https://w3id.org/np/RALNbBmx3-i6eZHfDNYNSp3nyH5jOnHGvclj-G3rGTdPU	
https://w3id.org/peh/matrices/f0357a3f15	https://w3id.org/peh/matrices/RAVp8hisV4HBuuOnYXh38wUHUc-lECcGpyxNJ9SEnN-aE	https://w3id.org/np/RAVp8hisV4HBuuOnYXh38wUHUc-lECcGpyxNJ9SEnN-aE	
https://w3id.org/peh/matrices/f9b8d97e48	https://w3id.org/peh/matrices/RAKDUpflxTKHJUZlsFCh-Ab54sP--MYRlc-cb9XI0R4G8	https://w3id.org/np/RAKDUpflxTKHJUZlsFCh-Ab54sP--MYRlc-cb9XI0R4G8	
https://w3id.org/peh/matrices/fat	https://w3id.org/peh/matrices/RAtN4LvQXe2x5WKb8gX4ypEpAbhiMzlTn3H8_Q0CxuUTE	https://w3id.org/np/RAtN4LvQXe2x5WKb8gX4ypEpAbhiMzlTn3H8_Q0CxuUTE	
https://w3id.org/peh/matrices/fingernails	https://w3id.org/peh/matrices/RAVMzASCvcLHqsMjZjnQnDNm52ugtdXdfw3jqZx4thiUE	https://w3id.org/np/RAVMzASCvcLHqsMjZjnQnDNm52ugtdXdfw3jqZx4thiUE	
https://w3id.org/peh/matrices/floor-dust	https://w3id.org/peh/matrices/RAMyy6UtNqbuypRxvZ9XwsKJyQSC4xzmheDtc6lAnI-WY	https://w3id.org/np/RAMyy6UtNqbuypRxvZ9XwsKJyQSC4xzmheDtc6lAnI-WY	
https://w3id.org/peh/matrices/fruit	https://w3id.org/peh/matrices/RA_i_ENb0rLmkeE-x8PBuKyi-Vk_WeOy2DpCE3ys8lXwY	https://w3id.org/np/RA_i_ENb0rLmkeE-x8PBuKyi-Vk_WeOy2DpCE3ys8lXwY	
https://w3id.org/peh/matrices/h-horizon	https://w3id.org/peh/matrices/RAothmgyQfEz2jpuk-RY3bYWvmYvNXLRuTKf2G1dw3Bfo	https://w3id.org/np/RAothmgyQfEz2jpuk-RY3bYWvmYvNXLRuTKf2G1dw3Bfo	
https://w3id.org/peh/matrices/inhalable-fraction	https://w3id.org/peh/matrices/RAti6M21zGXJ5ARmtSz04oxAHUUaGySr2R7kqCtH43azQ	https://w3id.org/np/RAti6M21zGXJ5ARmtSz04oxAHUUaGySr2R7kqCtH43azQ	
https://w3id.org/peh/matrices/kidney	https://w3id.org/peh/matrices/RAoyA6LZou1ggzbBL_yqUOts6tRR3Fm5mW10l45lpxPgc	https://w3id.org/np/RAoyA6LZou1ggzbBL_yqUOts6tRR3Fm5mW10l45lpxPgc	
https://w3id.org/peh/matrices/leaves	https://w3id.org/peh/matrices/RAAv6QqmojemCXqRLLnAQLUNiBI3Hvm_fQD0pbCNO5L7Q	https://w3id.org/np/RAAv6QqmojemCXqRLLnAQLUNiBI3Hvm_fQD0pbCNO5L7Q	
https://w3id.org/peh/matrices/liver	https://w3id.org/peh/matrices/RAciCuWbXQnZmyNfSRy-41DNe9SLMaNZpHYjJ-4JvPEto	https://w3id.org/np/RAciCuWbXQnZmyNfSRy-41DNe9SLMaNZpHYjJ-4JvPEto	
https://w3id.org/peh/matrices/meconium	https://w3id.org/peh/matrices/RAsDIybUC-Hf5z9cKUhs0_f6aoBMzA3rhNK7gnLOtlpSI	https://w3id.org/np/RAsDIybUC-Hf5z9cKUhs0_f6aoBMzA3rhNK7gnLOtlpSI	
https://w3id.org/peh/matrices/muscle	https://w3id.org/peh/matrices/RAjFtX_2fxsX9Sc_pT73cuTcb6NdfhApTmFUD_eK2c97I	https://w3id.org/np/RAjFtX_2fxsX9Sc_pT73cuTcb6NdfhApTmFUD_eK2c97I	
https://w3id.org/peh/matrices/needles	https://w3id.org/peh/matrices/RA8B1Y1qZZEziI-EyNq7LTbpXk1jpD7KGAOWzwS6w0v2E	https://w3id.org/np/RA8B1Y1qZZEziI-EyNq7LTbpXk1jpD7KGAOWzwS6w0v2E	
https://w3id.org/peh/matrices/nuts	https://w3id.org/peh/matrices/RAQtYv5YRozuXuz-DFDVh7ze_OJUQQf1LjPJPH89vl1es	https://w3id.org/np/RAQtYv5YRozuXuz-DFDVh7ze_OJUQQf1LjPJPH89vl1es	
https://w3id.org/peh/matrices/o-horizon	https://w3id.org/peh/matrices/RAJrcdBbJmAwgFCvE7H6LHtzZMvi-wJUk5czUGHKEtlEQ	https://w3id.org/np/RAJrcdBbJmAwgFCvE7H6LHtzZMvi-wJUk5czUGHKEtlEQ	
https://w3id.org/peh/matrices/passive-sampler-fraction	https://w3id.org/peh/matrices/RAmmKfCuHlLIk-MhylA2Zj4OqF9dAwXqg2QLz4_kc2uPY	https://w3id.org/np/RAmmKfCuHlLIk-MhylA2Zj4OqF9dAwXqg2QLz4_kc2uPY	
https://w3id.org/peh/matrices/passive-water-sampler-fraction	https://w3id.org/peh/matrices/RAeDs0Bmrmu4gwCPkpMmathvT6Yw2R_FRFLcBqyb4dhNo	https://w3id.org/np/RAeDs0Bmrmu4gwCPkpMmathvT6Yw2R_FRFLcBqyb4dhNo	
https://w3id.org/peh/matrices/plant-tissue	https://w3id.org/peh/matrices/RAfYD7Gs8EEYjnvsYb59C_gpY_8CZa2TovcQViFxKkeuY	https://w3id.org/np/RAfYD7Gs8EEYjnvsYb59C_gpY_8CZa2TovcQViFxKkeuY	
https://w3id.org/peh/matrices/pm10	https://w3id.org/peh/matrices/RA3xOAf2s6RD7Qt_kXdfKwXFOUIuBh-jFNcBxYQ7xz_30	https://w3id.org/np/RA3xOAf2s6RD7Qt_kXdfKwXFOUIuBh-jFNcBxYQ7xz_30	
https://w3id.org/peh/matrices/pm2-5	https://w3id.org/peh/matrices/RAgNmPPDMOpewQg-7aooCubcxMd3gOxPx2rDkzA3AFfPk	https://w3id.org/np/RAgNmPPDMOpewQg-7aooCubcxMd3gOxPx2rDkzA3AFfPk	
https://w3id.org/peh/matrices/r-horizon	https://w3id.org/peh/matrices/RA2CfX2HnCfXAPWk55wOTwmjviUX-vtSnNVoM7xP1BKlY	https://w3id.org/np/RA2CfX2HnCfXAPWk55wOTwmjviUX-vtSnNVoM7xP1BKlY	
https://w3id.org/peh/matrices/radish	https://w3id.org/peh/matrices/RAIbsgwYEK31Cfhg2xBxLmRxe-vW9lBqzh4jK4MWvZ5pg	https://w3id.org/np/RAIbsgwYEK31Cfhg2xBxLmRxe-vW9lBqzh4jK4MWvZ5pg	
https://w3id.org/peh/matrices/respirable-fraction	https://w3id.org/peh/matrices/RAYs1o2pSjbS5pZpxujn4Zlp38XukJRxhvhLf8S1nkrC4	https://w3id.org/np/RAYs1o2pSjbS5pZpxujn4Zlp38XukJRxhvhLf8S1nkrC4	
https://w3id.org/peh/matrices/root	https://w3id.org/peh/matrices/RAB2oB89IoXKTIZII5ctrfnEsk8jui2tv-tinwYSJbc1o	https://w3id.org/np/RAB2oB89IoXKTIZII5ctrfnEsk8jui2tv-tinwYSJbc1o	
https://w3id.org/peh/matrices/s-horizon	https://w3id.org/peh/matrices/RAyBzOQBdGxY2wkzsSqDlHyMrSOA87vzQQy8VSb0XF03M	https://w3id.org/np/RAyBzOQBdGxY2wkzsSqDlHyMrSOA87vzQQy8VSb0XF03M	
https://w3id.org/peh/matrices/sediment	https://w3id.org/peh/matrices/RAgGBv-AqMjYnH4uvvlW_e1J-EH_aPZoOEQtRkHQI6xG4	https://w3id.org/np/RAgGBv-AqMjYnH4uvvlW_e1J-EH_aPZoOEQtRkHQI6xG4	
https://w3id.org/peh/matrices/sediment-total	https://w3id.org/peh/matrices/RApoQUCi5LpbAvxbmBOOiQEuCNZlnXcOWReVGpvGgonrk	https://w3id.org/np/RApoQUCi5LpbAvxbmBOOiQEuCNZlnXcOWReVGpvGgonrk	
https://w3id.org/peh/matrices/seed	https://w3id.org/peh/matrices/RAeA4Ww8dzMzrgtMvY3WxtuqV6dVT-fbbq_nn_8RbyBXo	https://w3id.org/np/RAeA4Ww8dzMzrgtMvY3WxtuqV6dVT-fbbq_nn_8RbyBXo	
https://w3id.org/peh/matrices/soil-profile	https://w3id.org/peh/matrices/RA3W5WDRsMF-Q-fp2aclhnZ-6EG8EOZ8h57Xu9mUA6isw	https://w3id.org/np/RA3W5WDRsMF-Q-fp2aclhnZ-6EG8EOZ8h57Xu9mUA6isw	
https://w3id.org/peh/matrices/spinach	https://w3id.org/peh/matrices/RAVOBJckXcVFKA7TEZIWz6A-Hp5fTYOJ1Eim3oHRn75NE	https://w3id.org/np/RAVOBJckXcVFKA7TEZIWz6A-Hp5fTYOJ1Eim3oHRn75NE	
https://w3id.org/peh/matrices/sputum	https://w3id.org/peh/matrices/RAzDmsDSQT7m97_gEKyu9rRhhrsrtjRhKEBOaBi7U1WuI	https://w3id.org/np/RAzDmsDSQT7m97_gEKyu9rRhhrsrtjRhKEBOaBi7U1WuI	
https://w3id.org/peh/matrices/surface-dust	https://w3id.org/peh/matrices/RALKUDuY7YhK-y-FqYAnlXGUk53ZrdGjzbWatrrKBSJyU	https://w3id.org/np/RALKUDuY7YhK-y-FqYAnlXGUk53ZrdGjzbWatrrKBSJyU	
https://w3id.org/peh/matrices/terrestrial-matrix	https://w3id.org/peh/matrices/RAQ7NubGhAY8Tly5iznP4yMj-q99ggFdgWE4b2q5zBtfc	https://w3id.org/np/RAQ7NubGhAY8Tly5iznP4yMj-q99ggFdgWE4b2q5zBtfc	
https://w3id.org/peh/matrices/total-suspended-particles	https://w3id.org/peh/matrices/RAxy7q3YcliQzC4TBevMXFkM1A0kqGI5bQH0OuhBuP6rQ	https://w3id.org/np/RAxy7q3YcliQzC4TBevMXFkM1A0kqGI5bQH0OuhBuP6rQ	
https://w3id.org/peh/matrices/water-total	https://w3id.org/peh/matrices/RA5NDXoP-H4FfzoHu2oUTdW2XGMY2E9sBkEqnhLbfYusM	https://w3id.org/np/RA5NDXoP-H4FfzoHu2oUTdW2XGMY2E9sBkEqnhLbfYusM	
https://w3id.org/peh/matrices/white-blood-cells	https://w3id.org/peh/matrices/RApD-tWwixrG91xhqStMC7b90IU5B7_JeNcYvX7JlBRfs	https://w3id.org/np/RApD-tWwixrG91xhqStMC7b90IU5B7_JeNcYvX7JlBRfs	
https://w3id.org/peh/matrices/whole-plant	https://w3id.org/peh/matrices/RAbk6a3CTM-SqDwj7gSMtGk-5q7GkQiVxFA8IuBAcHvv4	https://w3id.org/np/RAbk6a3CTM-SqDwj7gSMtGk-5q7GkQiVxFA8IuBAcHvv4	
https://w3id.org/peh/matrices/wood	https://w3id.org/peh/matrices/RAvK91PNzIfu6mYNiA6wRXL4LhjPLAiwN7SZnk-KoxiPo	https://w3id.org/np/RAvK91PNzIfu6mYNiA6wRXL4LhjPLAiwN7SZnk-KoxiPo	
https://w3id.org/peh/matrices/zucchini	https://w3id.org/peh/matrices/RARrMaCYS1_RnPZUKKSCUwGiW1b6xjIb0l9Wbb-apx4cs	https://w3id.org/np/RARrMaCYS1_RnPZUKKSCUwGiW1b6xjIb0l9Wbb-apx4cs	
